"nb_villes","meth_decroiss_temp","amplitude","temp_init","temp_finale","nb_rep_max","alpha","resultat"
30,0,1,1000,1,100,"0,5","82,5371804000"
30,0,1,1000,1,100,"1","98,2358060000"
30,0,1,1000,1,100,"3","105,6427550000"
30,0,1,1000,1,100,"5","105,6427550000"
30,0,1,1000,1,500,"0,5","76,2810252000"
30,0,1,1000,1,500,"1","83,6733524000"
30,0,1,1000,1,500,"3","100,2908346000"
30,0,1,1000,1,500,"5","106,1510850000"
30,0,1,1000,1,1000,"0,5","68,9170976000"
30,0,1,1000,1,1000,"1","78,3744494000"
30,0,1,1000,1,1000,"3","91,7050326000"
30,0,1,1000,1,1000,"5","103,8116118000"
30,0,1,500,1,100,"0,5","94,3052238000"
30,0,1,500,1,100,"1","86,6692780000"
30,0,1,500,1,100,"3","115,1667230000"
30,0,1,500,1,100,"5","114,9625390000"
30,0,1,500,1,500,"0,5","71,0881452000"
30,0,1,500,1,500,"1","87,9956522000"
30,0,1,500,1,500,"3","83,3442780000"
30,0,1,500,1,500,"5","97,9909006000"
30,0,1,500,1,1000,"0,5","66,3171846000"
30,0,1,500,1,1000,"1","76,2758660000"
30,0,1,500,1,1000,"3","79,3237160000"
30,0,1,500,1,1000,"5","100,9080670000"
30,0,1,100,1,100,"0,5","91,3301810000"
30,0,1,100,1,100,"1","89,0003930000"
30,0,1,100,1,100,"3","111,1370690000"
30,0,1,100,1,100,"5","113,9426370000"
30,0,1,100,1,500,"0,5","78,6840490000"
30,0,1,100,1,500,"1","75,8658690000"
30,0,1,100,1,500,"3","103,7974700000"
30,0,1,100,1,500,"5","101,7972750000"
30,0,1,100,1,1000,"0,5","76,4630780000"
30,0,1,100,1,1000,"1","72,1833840000"
30,0,1,100,1,1000,"3","101,3282300000"
30,0,1,100,1,1000,"5","101,4630390000"
30,0,1,1000,501,100,"0,5","104,1122028000"
30,0,1,1000,501,100,"1","113,4467400000"
30,0,1,1000,501,100,"3","111,7018364000"
30,0,1,1000,501,100,"5","115,3374590000"
30,0,1,1000,501,500,"0,5","105,6098450000"
30,0,1,1000,501,500,"1","105,9475640000"
30,0,1,1000,501,500,"3","105,9667356000"
30,0,1,1000,501,500,"5","113,0356990000"
30,0,1,1000,501,1000,"0,5","96,9659286000"
30,0,1,1000,501,1000,"1","99,9323800000"
30,0,1,1000,501,1000,"3","105,2335852000"
30,0,1,1000,501,1000,"5","101,7247790000"
30,0,1,1000,901,100,"0,5","116,5193530000"
30,0,1,1000,901,100,"1","116,3161430000"
30,0,1,1000,901,100,"3","124,3013770000"
30,0,1,1000,901,100,"5","124,3013770000"
30,0,1,1000,901,500,"0,5","108,1848860000"
30,0,1,1000,901,500,"1","109,8995840000"
30,0,1,1000,901,500,"3","114,7713300000"
30,0,1,1000,901,500,"5","114,7713300000"
30,0,1,1000,901,1000,"0,5","105,9340394000"
30,0,1,1000,901,1000,"1","109,6992930000"
30,0,1,1000,901,1000,"3","107,0369790000"
30,0,1,1000,901,1000,"5","115,4843296000"
30,0,3,1000,1,100,"0,5","69,0482238000"
30,0,3,1000,1,100,"1","89,8570820000"
30,0,3,1000,1,100,"3","109,7688090000"
30,0,3,1000,1,100,"5","97,7076050000"
30,0,3,1000,1,500,"0,5","77,5377960000"
30,0,3,1000,1,500,"1","87,9662712000"
30,0,3,1000,1,500,"3","93,1885546000"
30,0,3,1000,1,500,"5","97,5755010000"
30,0,3,1000,1,1000,"0,5","70,4809694000"
30,0,3,1000,1,1000,"1","80,8946944000"
30,0,3,1000,1,1000,"3","98,1919668000"
30,0,3,1000,1,1000,"5","104,4896610000"
30,0,3,500,1,100,"0,5","96,3734768000"
30,0,3,500,1,100,"1","99,6014860000"
30,0,3,500,1,100,"3","109,4360120000"
30,0,3,500,1,100,"5","106,5753310000"
30,0,3,500,1,500,"0,5","79,4593316000"
30,0,3,500,1,500,"1","79,1061570000"
30,0,3,500,1,500,"3","75,1802650000"
30,0,3,500,1,500,"5","104,1029170000"
30,0,3,500,1,1000,"0,5","74,1848570000"
30,0,3,500,1,1000,"1","83,7858768000"
30,0,3,500,1,1000,"3","82,0715280000"
30,0,3,500,1,1000,"5","99,7125460000"
30,0,3,100,1,100,"0,5","95,6290700000"
30,0,3,100,1,100,"1","96,8013950000"
30,0,3,100,1,100,"3","113,4076200000"
30,0,3,100,1,100,"5","110,1733610000"
30,0,3,100,1,500,"0,5","64,0920790000"
30,0,3,100,1,500,"1","95,6896030000"
30,0,3,100,1,500,"3","99,6166654000"
30,0,3,100,1,500,"5","107,9454840000"
30,0,3,100,1,1000,"0,5","67,1272910000"
30,0,3,100,1,1000,"1","80,7711100000"
30,0,3,100,1,1000,"3","94,8563960000"
30,0,3,100,1,1000,"5","99,2150210000"
30,0,3,1000,501,100,"0,5","103,4481622000"
30,0,3,1000,501,100,"1","108,9790380000"
30,0,3,1000,501,100,"3","111,5029594000"
30,0,3,1000,501,100,"5","106,8879910000"
30,0,3,1000,501,500,"0,5","100,2921842000"
30,0,3,1000,501,500,"1","100,7369300000"
30,0,3,1000,501,500,"3","104,3626180000"
30,0,3,1000,501,500,"5","109,6626400000"
30,0,3,1000,501,1000,"0,5","101,8533918000"
30,0,3,1000,501,1000,"1","104,1479422000"
30,0,3,1000,501,1000,"3","110,4739180000"
30,0,3,1000,501,1000,"5","104,4573990000"
30,0,3,1000,901,100,"0,5","112,2100440000"
30,0,3,1000,901,100,"1","112,2100440000"
30,0,3,1000,901,100,"3","112,2100440000"
30,0,3,1000,901,100,"5","124,3753470000"
30,0,3,1000,901,500,"0,5","110,1137400000"
30,0,3,1000,901,500,"1","110,5442870000"
30,0,3,1000,901,500,"3","113,6819292000"
30,0,3,1000,901,500,"5","115,9263660000"
30,0,3,1000,901,1000,"0,5","108,3342480000"
30,0,3,1000,901,1000,"1","100,4599420000"
30,0,3,1000,901,1000,"3","109,9222900000"
30,0,3,1000,901,1000,"5","109,9222900000"
30,0,5,1000,1,100,"0,5","90,4280358000"
30,0,5,1000,1,100,"1","102,0874210000"
30,0,5,1000,1,100,"3","107,3699326000"
30,0,5,1000,1,100,"5","113,5009600000"
30,0,5,1000,1,500,"0,5","82,9629228000"
30,0,5,1000,1,500,"1","85,8483242000"
30,0,5,1000,1,500,"3","102,3804400000"
30,0,5,1000,1,500,"5","103,3178520000"
30,0,5,1000,1,1000,"0,5","74,1140476000"
30,0,5,1000,1,1000,"1","83,5245508000"
30,0,5,1000,1,1000,"3","95,8076594000"
30,0,5,1000,1,1000,"5","100,2874890000"
30,0,5,500,1,100,"0,5","104,0887940000"
30,0,5,500,1,100,"1","103,7299032000"
30,0,5,500,1,100,"3","105,9229270000"
30,0,5,500,1,100,"5","106,7315010000"
30,0,5,500,1,500,"0,5","81,0119854000"
30,0,5,500,1,500,"1","82,5006316000"
30,0,5,500,1,500,"3","80,4187750000"
30,0,5,500,1,500,"5","105,4273730000"
30,0,5,500,1,1000,"0,5","75,7094722000"
30,0,5,500,1,1000,"1","78,8182416000"
30,0,5,500,1,1000,"3","85,8647794000"
30,0,5,500,1,1000,"5","94,4261730000"
30,0,5,100,1,100,"0,5","91,4411130000"
30,0,5,100,1,100,"1","104,4221910000"
30,0,5,100,1,100,"3","113,8388110000"
30,0,5,100,1,100,"5","115,6043980000"
30,0,5,100,1,500,"0,5","82,8029680000"
30,0,5,100,1,500,"1","74,1188570000"
30,0,5,100,1,500,"3","101,7603310000"
30,0,5,100,1,500,"5","102,4703770000"
30,0,5,100,1,1000,"0,5","74,3191600000"
30,0,5,100,1,1000,"1","79,0839460000"
30,0,5,100,1,1000,"3","98,4303226000"
30,0,5,100,1,1000,"5","100,3482380000"
30,0,5,1000,501,100,"0,5","108,3820430000"
30,0,5,1000,501,100,"1","108,4740420000"
30,0,5,1000,501,100,"3","109,6811010000"
30,0,5,1000,501,100,"5","107,3282000000"
30,0,5,1000,501,500,"0,5","103,2483020000"
30,0,5,1000,501,500,"1","104,2628656000"
30,0,5,1000,501,500,"3","107,0984832000"
30,0,5,1000,501,500,"5","107,5702510000"
30,0,5,1000,501,1000,"0,5","102,4779768000"
30,0,5,1000,501,1000,"1","98,5681668000"
30,0,5,1000,501,1000,"3","108,2240466000"
30,0,5,1000,501,1000,"5","103,3446350000"
30,0,5,1000,901,100,"0,5","106,9164574000"
30,0,5,1000,901,100,"1","102,6854570000"
30,0,5,1000,901,100,"3","107,8094130000"
30,0,5,1000,901,100,"5","107,8094130000"
30,0,5,1000,901,500,"0,5","104,0245434000"
30,0,5,1000,901,500,"1","108,1183890000"
30,0,5,1000,901,500,"3","114,5317230000"
30,0,5,1000,901,500,"5","114,5317230000"
30,0,5,1000,901,1000,"0,5","104,0709868000"
30,0,5,1000,901,1000,"1","106,2517620000"
30,0,5,1000,901,1000,"3","115,6567190000"
30,0,5,1000,901,1000,"5","109,8237130000"
30,0,10,1000,1,100,"0,5","101,1145436000"
30,0,10,1000,1,100,"1","106,2558184000"
30,0,10,1000,1,100,"3","109,7302060000"
30,0,10,1000,1,100,"5","106,2825490000"
30,0,10,1000,1,500,"0,5","81,1587024000"
30,0,10,1000,1,500,"1","80,3810916000"
30,0,10,1000,1,500,"3","105,3195516000"
30,0,10,1000,1,500,"5","106,5621838000"
30,0,10,1000,1,1000,"0,5","73,1499246000"
30,0,10,1000,1,1000,"1","86,6147058000"
30,0,10,1000,1,1000,"3","101,4039158000"
30,0,10,1000,1,1000,"5","101,7452100000"
30,0,10,500,1,100,"0,5","91,5238360000"
30,0,10,500,1,100,"1","107,9586740000"
30,0,10,500,1,100,"3","112,6447710000"
30,0,10,500,1,100,"5","110,6884650000"
30,0,10,500,1,500,"0,5","83,1237098000"
30,0,10,500,1,500,"1","88,2940950000"
30,0,10,500,1,500,"3","89,2012100000"
30,0,10,500,1,500,"5","107,3865010000"
30,0,10,500,1,1000,"0,5","71,9098378000"
30,0,10,500,1,1000,"1","90,9268868000"
30,0,10,500,1,1000,"3","79,0379808000"
30,0,10,500,1,1000,"5","105,1681010000"
30,0,10,100,1,100,"0,5","99,2506340000"
30,0,10,100,1,100,"1","83,8715980000"
30,0,10,100,1,100,"3","115,3689820000"
30,0,10,100,1,100,"5","113,4635630000"
30,0,10,100,1,500,"0,5","84,1795694000"
30,0,10,100,1,500,"1","93,1014860000"
30,0,10,100,1,500,"3","100,9650290000"
30,0,10,100,1,500,"5","105,8064640000"
30,0,10,100,1,1000,"0,5","83,0561450000"
30,0,10,100,1,1000,"1","85,9093790000"
30,0,10,100,1,1000,"3","99,4725580000"
30,0,10,100,1,1000,"5","96,3295728000"
30,0,10,1000,501,100,"0,5","105,9282670000"
30,0,10,1000,501,100,"1","106,9040942000"
30,0,10,1000,501,100,"3","110,5297550000"
30,0,10,1000,501,100,"5","111,4295850000"
30,0,10,1000,501,500,"0,5","101,1373922000"
30,0,10,1000,501,500,"1","104,8484116000"
30,0,10,1000,501,500,"3","109,8788680000"
30,0,10,1000,501,500,"5","107,7245580000"
30,0,10,1000,501,1000,"0,5","98,5853100000"
30,0,10,1000,501,1000,"1","103,2334854000"
30,0,10,1000,501,1000,"3","101,1394066000"
30,0,10,1000,501,1000,"5","106,1693144000"
30,0,10,1000,901,100,"0,5","109,7016930000"
30,0,10,1000,901,100,"1","111,4270950000"
30,0,10,1000,901,100,"3","116,5695970000"
30,0,10,1000,901,100,"5","116,5695970000"
30,0,10,1000,901,500,"0,5","104,9310010000"
30,0,10,1000,901,500,"1","108,7593680000"
30,0,10,1000,901,500,"3","108,9027408000"
30,0,10,1000,901,500,"5","117,8669170000"
30,0,10,1000,901,1000,"0,5","105,7191690000"
30,0,10,1000,901,1000,"1","108,1488410000"
30,0,10,1000,901,1000,"3","110,1352300000"
30,0,10,1000,901,1000,"5","105,5739760000"
30,1,1,1000,1,100,"0,30","118,8296310000"
30,1,1,1000,1,100,"0,70","79,5553390000"
30,1,1,1000,1,100,"0,90","73,0509570000"
30,1,1,1000,1,100,"0,99","61,2491580000"
30,1,1,1000,1,500,"0,30","85,3832480000"
30,1,1,1000,1,500,"0,70","67,2406470000"
30,1,1,1000,1,500,"0,90","61,7039500000"
30,1,1,1000,1,500,"0,99","55,8060536000"
30,1,1,1000,1,1000,"0,30","83,9241890000"
30,1,1,1000,1,1000,"0,70","66,3966900000"
30,1,1,1000,1,1000,"0,90","61,9091100000"
30,1,1,1000,1,1000,"0,99","53,8442820000"
30,1,1,500,1,100,"0,30","81,7693230000"
30,1,1,500,1,100,"0,70","77,6953840000"
30,1,1,500,1,100,"0,90","72,3184620000"
30,1,1,500,1,100,"0,99","58,8740010000"
30,1,1,500,1,500,"0,30","68,5950590000"
30,1,1,500,1,500,"0,70","68,1062500000"
30,1,1,500,1,500,"0,90","65,3281470000"
30,1,1,500,1,500,"0,99","54,9558048000"
30,1,1,500,1,1000,"0,30","65,8859810000"
30,1,1,500,1,1000,"0,70","56,5930050000"
30,1,1,500,1,1000,"0,90","65,0823940000"
30,1,1,500,1,1000,"0,99","54,3257738000"
30,1,1,100,1,100,"0,30","101,3518900000"
30,1,1,100,1,100,"0,70","100,9231468000"
30,1,1,100,1,100,"0,90","72,4490580000"
30,1,1,100,1,100,"0,99","65,9821300000"
30,1,1,100,1,500,"0,30","88,5331150000"
30,1,1,100,1,500,"0,70","73,1580370000"
30,1,1,100,1,500,"0,90","66,9992570000"
30,1,1,100,1,500,"0,99","55,4876360000"
30,1,1,100,1,1000,"0,30","93,7405100000"
30,1,1,100,1,1000,"0,70","61,6225560000"
30,1,1,100,1,1000,"0,90","60,7988500000"
30,1,1,100,1,1000,"0,99","54,1443416000"
30,1,1,1000,501,100,"0,30","121,8743140000"
30,1,1,1000,501,100,"0,70","121,8743140000"
30,1,1,1000,501,100,"0,90","121,8743140000"
30,1,1,1000,501,100,"0,99","117,3668140000"
30,1,1,1000,501,500,"0,30","121,8743140000"
30,1,1,1000,501,500,"0,70","132,3171010000"
30,1,1,1000,501,500,"0,90","124,7563780000"
30,1,1,1000,501,500,"0,99","112,4817670000"
30,1,1,1000,501,1000,"0,30","132,3171010000"
30,1,1,1000,501,1000,"0,70","124,7563780000"
30,1,1,1000,501,1000,"0,90","116,9958882000"
30,1,1,1000,501,1000,"0,99","110,9090610000"
30,1,1,1000,901,100,"0,30","130,7997800000"
30,1,1,1000,901,100,"0,70","130,7997800000"
30,1,1,1000,901,100,"0,90","130,7997800000"
30,1,1,1000,901,100,"0,99","120,3569088000"
30,1,1,1000,901,500,"0,30","123,6362480000"
30,1,1,1000,901,500,"0,70","123,6362480000"
30,1,1,1000,901,500,"0,90","123,6362480000"
30,1,1,1000,901,500,"0,99","122,3314560000"
30,1,1,1000,901,1000,"0,30","123,6362480000"
30,1,1,1000,901,1000,"0,70","132,6978950000"
30,1,1,1000,901,1000,"0,90","132,6978950000"
30,1,1,1000,901,1000,"0,99","117,7168090000"
30,1,3,1000,1,100,"0,30","101,5101260000"
30,1,3,1000,1,100,"0,70","102,5278980000"
30,1,3,1000,1,100,"0,90","69,6122930000"
30,1,3,1000,1,100,"0,99","50,6115960000"
30,1,3,1000,1,500,"0,30","78,5736750000"
30,1,3,1000,1,500,"0,70","66,0384770000"
30,1,3,1000,1,500,"0,90","72,7970610000"
30,1,3,1000,1,500,"0,99","56,0701170000"
30,1,3,1000,1,1000,"0,30","85,9319090000"
30,1,3,1000,1,1000,"0,70","68,3309570000"
30,1,3,1000,1,1000,"0,90","60,9707690000"
30,1,3,1000,1,1000,"0,99","55,2858520000"
30,1,3,500,1,100,"0,30","112,6663790000"
30,1,3,500,1,100,"0,70","80,1709940000"
30,1,3,500,1,100,"0,90","70,6499820000"
30,1,3,500,1,100,"0,99","57,9005716000"
30,1,3,500,1,500,"0,30","81,0923320000"
30,1,3,500,1,500,"0,70","74,1497900000"
30,1,3,500,1,500,"0,90","60,2620370000"
30,1,3,500,1,500,"0,99","56,8470632000"
30,1,3,500,1,1000,"0,30","75,1533450000"
30,1,3,500,1,1000,"0,70","66,5369510000"
30,1,3,500,1,1000,"0,90","69,6975980000"
30,1,3,500,1,1000,"0,99","56,3389074000"
30,1,3,100,1,100,"0,30","104,0498440000"
30,1,3,100,1,100,"0,70","90,1724240000"
30,1,3,100,1,100,"0,90","76,4076358000"
30,1,3,100,1,100,"0,99","62,2199830000"
30,1,3,100,1,500,"0,30","89,9056590000"
30,1,3,100,1,500,"0,70","66,7990450000"
30,1,3,100,1,500,"0,90","70,3062850000"
30,1,3,100,1,500,"0,99","59,7476960000"
30,1,3,100,1,1000,"0,30","99,3228418000"
30,1,3,100,1,1000,"0,70","74,3931730000"
30,1,3,100,1,1000,"0,90","63,8493750000"
30,1,3,100,1,1000,"0,99","55,9231272000"
30,1,3,1000,501,100,"0,30","123,2657880000"
30,1,3,1000,501,100,"0,70","121,9527450000"
30,1,3,1000,501,100,"0,90","118,8584030000"
30,1,3,1000,501,100,"0,99","116,9072800000"
30,1,3,1000,501,500,"0,30","118,8584030000"
30,1,3,1000,501,500,"0,70","119,2714290000"
30,1,3,1000,501,500,"0,90","121,8343570000"
30,1,3,1000,501,500,"0,99","109,4953690000"
30,1,3,1000,501,1000,"0,30","121,8343570000"
30,1,3,1000,501,1000,"0,70","121,8343570000"
30,1,3,1000,501,1000,"0,90","116,5006800000"
30,1,3,1000,501,1000,"0,99","99,1825440000"
30,1,3,1000,901,100,"0,30","127,6650040000"
30,1,3,1000,901,100,"0,70","127,6650040000"
30,1,3,1000,901,100,"0,90","127,6650040000"
30,1,3,1000,901,100,"0,99","121,6979350000"
30,1,3,1000,901,500,"0,30","124,3304310000"
30,1,3,1000,901,500,"0,70","124,3304310000"
30,1,3,1000,901,500,"0,90","124,3304310000"
30,1,3,1000,901,500,"0,99","120,7876340000"
30,1,3,1000,901,1000,"0,30","124,3304310000"
30,1,3,1000,901,1000,"0,70","121,3851846000"
30,1,3,1000,901,1000,"0,90","120,6488730000"
30,1,3,1000,901,1000,"0,99","114,7048290000"
30,1,5,1000,1,100,"0,30","112,9165800000"
30,1,5,1000,1,100,"0,70","86,9484890000"
30,1,5,1000,1,100,"0,90","92,0065550000"
30,1,5,1000,1,100,"0,99","68,2572100000"
30,1,5,1000,1,500,"0,30","96,4504090000"
30,1,5,1000,1,500,"0,70","72,3074560000"
30,1,5,1000,1,500,"0,90","64,2087368000"
30,1,5,1000,1,500,"0,99","50,5919812000"
30,1,5,1000,1,1000,"0,30","91,8850910000"
30,1,5,1000,1,1000,"0,70","72,1574960000"
30,1,5,1000,1,1000,"0,90","68,7266328000"
30,1,5,1000,1,1000,"0,99","56,4983358000"
30,1,5,500,1,100,"0,30","107,4299080000"
30,1,5,500,1,100,"0,70","90,0669710000"
30,1,5,500,1,100,"0,90","82,2333390000"
30,1,5,500,1,100,"0,99","67,7431830000"
30,1,5,500,1,500,"0,30","83,3611060000"
30,1,5,500,1,500,"0,70","75,2377690000"
30,1,5,500,1,500,"0,90","69,6234180000"
30,1,5,500,1,500,"0,99","59,2789588000"
30,1,5,500,1,1000,"0,30","80,3636940000"
30,1,5,500,1,1000,"0,70","62,4017140000"
30,1,5,500,1,1000,"0,90","66,6249480000"
30,1,5,500,1,1000,"0,99","56,4073250000"
30,1,5,100,1,100,"0,30","110,9904140000"
30,1,5,100,1,100,"0,70","88,7315890000"
30,1,5,100,1,100,"0,90","85,1186480000"
30,1,5,100,1,100,"0,99","60,3380060000"
30,1,5,100,1,500,"0,30","93,4182110000"
30,1,5,100,1,500,"0,70","87,4106610000"
30,1,5,100,1,500,"0,90","62,6565330000"
30,1,5,100,1,500,"0,99","53,8289340000"
30,1,5,100,1,1000,"0,30","87,2068880000"
30,1,5,100,1,1000,"0,70","73,2658720000"
30,1,5,100,1,1000,"0,90","66,2339094000"
30,1,5,100,1,1000,"0,99","56,7117720000"
30,1,5,1000,501,100,"0,30","133,0332140000"
30,1,5,1000,501,100,"0,70","128,2391520000"
30,1,5,1000,501,100,"0,90","126,1444480000"
30,1,5,1000,501,100,"0,99","117,6836050000"
30,1,5,1000,501,500,"0,30","128,2391520000"
30,1,5,1000,501,500,"0,70","126,1444480000"
30,1,5,1000,501,500,"0,90","108,4729420000"
30,1,5,1000,501,500,"0,99","112,8126380000"
30,1,5,1000,501,1000,"0,30","118,7663650000"
30,1,5,1000,501,1000,"0,70","118,7663650000"
30,1,5,1000,501,1000,"0,90","116,9549190000"
30,1,5,1000,501,1000,"0,99","106,9084636000"
30,1,5,1000,901,100,"0,30","133,8642060000"
30,1,5,1000,901,100,"0,70","133,8642060000"
30,1,5,1000,901,100,"0,90","133,8642060000"
30,1,5,1000,901,100,"0,99","114,3945020000"
30,1,5,1000,901,500,"0,30","125,1465390000"
30,1,5,1000,901,500,"0,70","133,5889250000"
30,1,5,1000,901,500,"0,90","133,5889250000"
30,1,5,1000,901,500,"0,99","116,8132780000"
30,1,5,1000,901,1000,"0,30","125,2632980000"
30,1,5,1000,901,1000,"0,70","125,2632980000"
30,1,5,1000,901,1000,"0,90","121,4678008000"
30,1,5,1000,901,1000,"0,99","114,6232040000"
30,1,10,1000,1,100,"0,30","108,4504470000"
30,1,10,1000,1,100,"0,70","88,1380470000"
30,1,10,1000,1,100,"0,90","90,4634490000"
30,1,10,1000,1,100,"0,99","67,5045508000"
30,1,10,1000,1,500,"0,30","88,5241350000"
30,1,10,1000,1,500,"0,70","79,1481010000"
30,1,10,1000,1,500,"0,90","66,1606680000"
30,1,10,1000,1,500,"0,99","59,6985814000"
30,1,10,1000,1,1000,"0,30","92,2056560000"
30,1,10,1000,1,1000,"0,70","79,1582410000"
30,1,10,1000,1,1000,"0,90","69,5662884000"
30,1,10,1000,1,1000,"0,99","56,7780628000"
30,1,10,500,1,100,"0,30","106,6412440000"
30,1,10,500,1,100,"0,70","87,9041660000"
30,1,10,500,1,100,"0,90","79,2120730000"
30,1,10,500,1,100,"0,99","72,6646220000"
30,1,10,500,1,500,"0,30","89,3885650000"
30,1,10,500,1,500,"0,70","93,0842030000"
30,1,10,500,1,500,"0,90","61,9212680000"
30,1,10,500,1,500,"0,99","60,5947392000"
30,1,10,500,1,1000,"0,30","80,8297350000"
30,1,10,500,1,1000,"0,70","84,2956700000"
30,1,10,500,1,1000,"0,90","73,1114340000"
30,1,10,500,1,1000,"0,99","57,3975936000"
30,1,10,100,1,100,"0,30","116,8356600000"
30,1,10,100,1,100,"0,70","97,9251440000"
30,1,10,100,1,100,"0,90","71,8207350000"
30,1,10,100,1,100,"0,99","71,4326966000"
30,1,10,100,1,500,"0,30","94,3723380000"
30,1,10,100,1,500,"0,70","81,6923430000"
30,1,10,100,1,500,"0,90","73,6404840000"
30,1,10,100,1,500,"0,99","59,5492866000"
30,1,10,100,1,1000,"0,30","92,1221316000"
30,1,10,100,1,1000,"0,70","71,6370790000"
30,1,10,100,1,1000,"0,90","64,8368710000"
30,1,10,100,1,1000,"0,99","58,5184674000"
30,1,10,1000,501,100,"0,30","110,8077970000"
30,1,10,1000,501,100,"0,70","110,8077970000"
30,1,10,1000,501,100,"0,90","110,8077970000"
30,1,10,1000,501,100,"0,99","113,3235090000"
30,1,10,1000,501,500,"0,30","123,8581820000"
30,1,10,1000,501,500,"0,70","123,8581820000"
30,1,10,1000,501,500,"0,90","117,7293750000"
30,1,10,1000,501,500,"0,99","106,8191870000"
30,1,10,1000,501,1000,"0,30","114,6434730000"
30,1,10,1000,501,1000,"0,70","114,6434730000"
30,1,10,1000,501,1000,"0,90","114,6434730000"
30,1,10,1000,501,1000,"0,99","108,3682710000"
30,1,10,1000,901,100,"0,30","129,7406280000"
30,1,10,1000,901,100,"0,70","132,8602710000"
30,1,10,1000,901,100,"0,90","132,8602710000"
30,1,10,1000,901,100,"0,99","120,7203970000"
30,1,10,1000,901,500,"0,30","128,4919570000"
30,1,10,1000,901,500,"0,70","128,4919570000"
30,1,10,1000,901,500,"0,90","129,8626578000"
30,1,10,1000,901,500,"0,99","114,2700240000"
30,1,10,1000,901,1000,"0,30","122,0111790000"
30,1,10,1000,901,1000,"0,70","122,0111790000"
30,1,10,1000,901,1000,"0,90","122,0111790000"
30,1,10,1000,901,1000,"0,99","111,2018620000"
100,0,1,1000,1,100,"0,5","316,5256652000"
100,0,1,1000,1,100,"1","367,9862570000"
100,0,1,1000,1,100,"3","441,0812700000"
100,0,1,1000,1,100,"5","420,4062648000"
100,0,1,1000,1,500,"0,5","267,1495948000"
100,0,1,1000,1,500,"1","294,1159490000"
100,0,1,1000,1,500,"3","372,2142440000"
100,0,1,1000,1,500,"5","402,5449060000"
100,0,1,1000,1,1000,"0,5","257,6844888000"
100,0,1,1000,1,1000,"1","282,6511706000"
100,0,1,1000,1,1000,"3","363,8322222000"
100,0,1,1000,1,1000,"5","396,2506628000"
100,0,1,500,1,100,"0,5","320,4244042000"
100,0,1,500,1,100,"1","378,4541080000"
100,0,1,500,1,100,"3","436,5361140000"
100,0,1,500,1,100,"5","409,3167400000"
100,0,1,500,1,500,"0,5","270,7592916000"
100,0,1,500,1,500,"1","315,3212566000"
100,0,1,500,1,500,"3","303,1005610000"
100,0,1,500,1,500,"5","386,6280054000"
100,0,1,500,1,1000,"0,5","252,6674710000"
100,0,1,500,1,1000,"1","295,3664052000"
100,0,1,500,1,1000,"3","305,6207188000"
100,0,1,500,1,1000,"5","396,2471922000"
100,0,1,100,1,100,"0,5","302,4652660000"
100,0,1,100,1,100,"1","364,1413078000"
100,0,1,100,1,100,"3","441,4313260000"
100,0,1,100,1,100,"5","429,7401720000"
100,0,1,100,1,500,"0,5","264,0912272000"
100,0,1,100,1,500,"1","326,0014550000"
100,0,1,100,1,500,"3","363,1584868000"
100,0,1,100,1,500,"5","397,9189380000"
100,0,1,100,1,1000,"0,5","260,1265930000"
100,0,1,100,1,1000,"1","303,9526248000"
100,0,1,100,1,1000,"3","372,1389608000"
100,0,1,100,1,1000,"5","387,0284280000"
100,0,1,1000,501,100,"0,5","428,3874166000"
100,0,1,1000,501,100,"1","443,6002472000"
100,0,1,1000,501,100,"3","449,4050520000"
100,0,1,1000,501,100,"5","452,6920340000"
100,0,1,1000,501,500,"0,5","429,2182164000"
100,0,1,1000,501,500,"1","431,8745562000"
100,0,1,1000,501,500,"3","441,9355814000"
100,0,1,1000,501,500,"5","448,1246150000"
100,0,1,1000,501,1000,"0,5","425,5324834000"
100,0,1,1000,501,1000,"1","432,8184002000"
100,0,1,1000,501,1000,"3","422,8950446000"
100,0,1,1000,501,1000,"5","431,7253950000"
100,0,1,1000,901,100,"0,5","452,4483950000"
100,0,1,1000,901,100,"1","452,4483950000"
100,0,1,1000,901,100,"3","452,4483950000"
100,0,1,1000,901,100,"5","438,7487630000"
100,0,1,1000,901,500,"0,5","436,7572450000"
100,0,1,1000,901,500,"1","440,7065870000"
100,0,1,1000,901,500,"3","440,7065870000"
100,0,1,1000,901,500,"5","440,7065870000"
100,0,1,1000,901,1000,"0,5","435,0329956000"
100,0,1,1000,901,1000,"1","432,4354716000"
100,0,1,1000,901,1000,"3","435,0174870000"
100,0,1,1000,901,1000,"5","446,6528176000"
100,0,3,1000,1,100,"0,5","335,6173444000"
100,0,3,1000,1,100,"1","365,4043946000"
100,0,3,1000,1,100,"3","398,0337790000"
100,0,3,1000,1,100,"5","403,5458920000"
100,0,3,1000,1,500,"0,5","276,3428296000"
100,0,3,1000,1,500,"1","309,1052688000"
100,0,3,1000,1,500,"3","390,8516566000"
100,0,3,1000,1,500,"5","403,9386450000"
100,0,3,1000,1,1000,"0,5","267,3423878000"
100,0,3,1000,1,1000,"1","289,9835916000"
100,0,3,1000,1,1000,"3","372,5961516000"
100,0,3,1000,1,1000,"5","369,5322578000"
100,0,3,500,1,100,"0,5","303,9553024000"
100,0,3,500,1,100,"1","360,4160738000"
100,0,3,500,1,100,"3","404,1158640000"
100,0,3,500,1,100,"5","436,6636340000"
100,0,3,500,1,500,"0,5","295,8233446000"
100,0,3,500,1,500,"1","302,0704674000"
100,0,3,500,1,500,"3","327,5549808000"
100,0,3,500,1,500,"5","399,6581520000"
100,0,3,500,1,1000,"0,5","261,0371016000"
100,0,3,500,1,1000,"1","292,6022364000"
100,0,3,500,1,1000,"3","300,4891128000"
100,0,3,500,1,1000,"5","374,7385144000"
100,0,3,100,1,100,"0,5","327,9286500000"
100,0,3,100,1,100,"1","383,7692750000"
100,0,3,100,1,100,"3","417,7470220000"
100,0,3,100,1,100,"5","435,9740690000"
100,0,3,100,1,500,"0,5","269,6515634000"
100,0,3,100,1,500,"1","331,5175860000"
100,0,3,100,1,500,"3","394,4193700000"
100,0,3,100,1,500,"5","406,1143260000"
100,0,3,100,1,1000,"0,5","251,4142788000"
100,0,3,100,1,1000,"1","292,1862326000"
100,0,3,100,1,1000,"3","378,4313934000"
100,0,3,100,1,1000,"5","366,0580080000"
100,0,3,1000,501,100,"0,5","431,9359400000"
100,0,3,1000,501,100,"1","440,2438516000"
100,0,3,1000,501,100,"3","431,1951120000"
100,0,3,1000,501,100,"5","442,8120670000"
100,0,3,1000,501,500,"0,5","426,8323290000"
100,0,3,1000,501,500,"1","427,5028054000"
100,0,3,1000,501,500,"3","434,9447760000"
100,0,3,1000,501,500,"5","439,7410370000"
100,0,3,1000,501,1000,"0,5","422,6522580000"
100,0,3,1000,501,1000,"1","426,5933542000"
100,0,3,1000,501,1000,"3","428,5234988000"
100,0,3,1000,501,1000,"5","433,4343870000"
100,0,3,1000,901,100,"0,5","450,8786940000"
100,0,3,1000,901,100,"1","464,5400090000"
100,0,3,1000,901,100,"3","460,7243650000"
100,0,3,1000,901,100,"5","460,3306110000"
100,0,3,1000,901,500,"0,5","432,7343690000"
100,0,3,1000,901,500,"1","441,5459050000"
100,0,3,1000,901,500,"3","441,5459050000"
100,0,3,1000,901,500,"5","442,0712220000"
100,0,3,1000,901,1000,"0,5","430,8648218000"
100,0,3,1000,901,1000,"1","429,7082442000"
100,0,3,1000,901,1000,"3","439,0745950000"
100,0,3,1000,901,1000,"5","447,4906050000"
100,0,5,1000,1,100,"0,5","338,0514912000"
100,0,5,1000,1,100,"1","357,6613270000"
100,0,5,1000,1,100,"3","399,4299324000"
100,0,5,1000,1,100,"5","424,5207890000"
100,0,5,1000,1,500,"0,5","284,0721178000"
100,0,5,1000,1,500,"1","326,2365814000"
100,0,5,1000,1,500,"3","367,0438104000"
100,0,5,1000,1,500,"5","393,4759410000"
100,0,5,1000,1,1000,"0,5","273,5413848000"
100,0,5,1000,1,1000,"1","300,0212976000"
100,0,5,1000,1,1000,"3","358,1987864000"
100,0,5,1000,1,1000,"5","390,0765020000"
100,0,5,500,1,100,"0,5","345,6530896000"
100,0,5,500,1,100,"1","387,4663954000"
100,0,5,500,1,100,"3","357,4768970000"
100,0,5,500,1,100,"5","421,1238240000"
100,0,5,500,1,500,"0,5","283,4958026000"
100,0,5,500,1,500,"1","311,0281066000"
100,0,5,500,1,500,"3","326,4247080000"
100,0,5,500,1,500,"5","382,5950830000"
100,0,5,500,1,1000,"0,5","264,3377648000"
100,0,5,500,1,1000,"1","306,2052960000"
100,0,5,500,1,1000,"3","305,2248492000"
100,0,5,500,1,1000,"5","384,6322688000"
100,0,5,100,1,100,"0,5","337,0845000000"
100,0,5,100,1,100,"1","390,5511890000"
100,0,5,100,1,100,"3","401,0013270000"
100,0,5,100,1,100,"5","424,9294930000"
100,0,5,100,1,500,"0,5","285,4272144000"
100,0,5,100,1,500,"1","305,8516470000"
100,0,5,100,1,500,"3","361,5973950000"
100,0,5,100,1,500,"5","401,1310130000"
100,0,5,100,1,1000,"0,5","270,5738360000"
100,0,5,100,1,1000,"1","304,4403672000"
100,0,5,100,1,1000,"3","393,7453300000"
100,0,5,100,1,1000,"5","387,8622570000"
100,0,5,1000,501,100,"0,5","430,6586790000"
100,0,5,1000,501,100,"1","424,7983510000"
100,0,5,1000,501,100,"3","437,2847242000"
100,0,5,1000,501,100,"5","445,8370950000"
100,0,5,1000,501,500,"0,5","422,4640166000"
100,0,5,1000,501,500,"1","422,9045532000"
100,0,5,1000,501,500,"3","437,8503020000"
100,0,5,1000,501,500,"5","440,5932108000"
100,0,5,1000,501,1000,"0,5","416,1454088000"
100,0,5,1000,501,1000,"1","426,7390678000"
100,0,5,1000,501,1000,"3","421,9498376000"
100,0,5,1000,501,1000,"5","431,4346110000"
100,0,5,1000,901,100,"0,5","438,9653366000"
100,0,5,1000,901,100,"1","440,8776470000"
100,0,5,1000,901,100,"3","461,6750530000"
100,0,5,1000,901,100,"5","461,6750530000"
100,0,5,1000,901,500,"0,5","438,2073650000"
100,0,5,1000,901,500,"1","421,0644872000"
100,0,5,1000,901,500,"3","434,1969990000"
100,0,5,1000,901,500,"5","455,5719750000"
100,0,5,1000,901,1000,"0,5","424,8793278000"
100,0,5,1000,901,1000,"1","428,0641864000"
100,0,5,1000,901,1000,"3","437,5667820000"
100,0,5,1000,901,1000,"5","446,0643924000"
100,0,10,1000,1,100,"0,5","353,1863540000"
100,0,10,1000,1,100,"1","365,6218870000"
100,0,10,1000,1,100,"3","412,3406790000"
100,0,10,1000,1,100,"5","417,5629020000"
100,0,10,1000,1,500,"0,5","304,7136168000"
100,0,10,1000,1,500,"1","328,9426392000"
100,0,10,1000,1,500,"3","371,8607100000"
100,0,10,1000,1,500,"5","393,3686912000"
100,0,10,1000,1,1000,"0,5","285,0348472000"
100,0,10,1000,1,1000,"1","316,8538674000"
100,0,10,1000,1,1000,"3","374,8638416000"
100,0,10,1000,1,1000,"5","380,6644664000"
100,0,10,500,1,100,"0,5","359,4577828000"
100,0,10,500,1,100,"1","363,6597210000"
100,0,10,500,1,100,"3","376,2456560000"
100,0,10,500,1,100,"5","439,4890540000"
100,0,10,500,1,500,"0,5","301,3537842000"
100,0,10,500,1,500,"1","319,7353840000"
100,0,10,500,1,500,"3","331,0944628000"
100,0,10,500,1,500,"5","394,0286140000"
100,0,10,500,1,1000,"0,5","291,4934402000"
100,0,10,500,1,1000,"1","307,9730844000"
100,0,10,500,1,1000,"3","322,1719232000"
100,0,10,500,1,1000,"5","395,3452198000"
100,0,10,100,1,100,"0,5","347,4837628000"
100,0,10,100,1,100,"1","367,2891170000"
100,0,10,100,1,100,"3","424,1936310000"
100,0,10,100,1,100,"5","390,9179740000"
100,0,10,100,1,500,"0,5","297,9671182000"
100,0,10,100,1,500,"1","349,9129980000"
100,0,10,100,1,500,"3","383,7600450000"
100,0,10,100,1,500,"5","394,5713902000"
100,0,10,100,1,1000,"0,5","287,3465986000"
100,0,10,100,1,1000,"1","324,3192050000"
100,0,10,100,1,1000,"3","372,9996870000"
100,0,10,100,1,1000,"5","390,5542800000"
100,0,10,1000,501,100,"0,5","424,9355834000"
100,0,10,1000,501,100,"1","435,8685840000"
100,0,10,1000,501,100,"3","441,4637916000"
100,0,10,1000,501,100,"5","430,9405040000"
100,0,10,1000,501,500,"0,5","426,9762612000"
100,0,10,1000,501,500,"1","426,1345596000"
100,0,10,1000,501,500,"3","435,9652114000"
100,0,10,1000,501,500,"5","418,1801486000"
100,0,10,1000,501,1000,"0,5","419,0271538000"
100,0,10,1000,501,1000,"1","422,8928330000"
100,0,10,1000,501,1000,"3","433,8861054000"
100,0,10,1000,501,1000,"5","432,9425654000"
100,0,10,1000,901,100,"0,5","427,7911790000"
100,0,10,1000,901,100,"1","435,3125984000"
100,0,10,1000,901,100,"3","440,3268780000"
100,0,10,1000,901,100,"5","440,3268780000"
100,0,10,1000,901,500,"0,5","428,3012154000"
100,0,10,1000,901,500,"1","437,9261792000"
100,0,10,1000,901,500,"3","442,4476950000"
100,0,10,1000,901,500,"5","451,5972640000"
100,0,10,1000,901,1000,"0,5","426,8953228000"
100,0,10,1000,901,1000,"1","435,0501610000"
100,0,10,1000,901,1000,"3","438,0389510000"
100,0,10,1000,901,1000,"5","433,8308640000"
100,1,1,1000,1,100,"0,30","409,2285320000"
100,1,1,1000,1,100,"0,70","313,6060710000"
100,1,1,1000,1,100,"0,90","254,6635540000"
100,1,1,1000,1,100,"0,99","209,0399410000"
100,1,1,1000,1,500,"0,30","330,5863938000"
100,1,1,1000,1,500,"0,70","262,1886450000"
100,1,1,1000,1,500,"0,90","223,0697720000"
100,1,1,1000,1,500,"0,99","174,1043406000"
100,1,1,1000,1,1000,"0,30","333,0176340000"
100,1,1,1000,1,1000,"0,70","251,6166660000"
100,1,1,1000,1,1000,"0,90","213,8565826000"
100,1,1,1000,1,1000,"0,99","181,3820452000"
100,1,1,500,1,100,"0,30","361,7977770000"
100,1,1,500,1,100,"0,70","290,6949070000"
100,1,1,500,1,100,"0,90","273,9111820000"
100,1,1,500,1,100,"0,99","201,9220620000"
100,1,1,500,1,500,"0,30","277,4649202000"
100,1,1,500,1,500,"0,70","281,0087940000"
100,1,1,500,1,500,"0,90","212,1275040000"
100,1,1,500,1,500,"0,99","177,9801144000"
100,1,1,500,1,1000,"0,30","247,8233790000"
100,1,1,500,1,1000,"0,70","225,5511510000"
100,1,1,500,1,1000,"0,90","206,6889230000"
100,1,1,500,1,1000,"0,99","182,8888630000"
100,1,1,100,1,100,"0,30","417,7027250000"
100,1,1,100,1,100,"0,70","330,7198340000"
100,1,1,100,1,100,"0,90","267,5721730000"
100,1,1,100,1,100,"0,99","204,0249970000"
100,1,1,100,1,500,"0,30","345,6393500000"
100,1,1,100,1,500,"0,70","273,0021020000"
100,1,1,100,1,500,"0,90","214,7947380000"
100,1,1,100,1,500,"0,99","187,9497958000"
100,1,1,100,1,1000,"0,30","310,9181510000"
100,1,1,100,1,1000,"0,70","240,3975010000"
100,1,1,100,1,1000,"0,90","205,4613224000"
100,1,1,100,1,1000,"0,99","180,7767396000"
100,1,1,1000,501,100,"0,30","499,2531470000"
100,1,1,1000,501,100,"0,70","483,3298190000"
100,1,1,1000,501,100,"0,90","478,5597790000"
100,1,1,1000,501,100,"0,99","452,9146450000"
100,1,1,1000,501,500,"0,30","483,3298190000"
100,1,1,1000,501,500,"0,70","468,2274010000"
100,1,1,1000,501,500,"0,90","451,3684310000"
100,1,1,1000,501,500,"0,99","443,8901170000"
100,1,1,1000,501,1000,"0,30","461,3391490000"
100,1,1,1000,501,1000,"0,70","454,2449304000"
100,1,1,1000,501,1000,"0,90","445,8291930000"
100,1,1,1000,501,1000,"0,99","440,7258240000"
100,1,1,1000,901,100,"0,30","514,2770504000"
100,1,1,1000,901,100,"0,70","513,9345840000"
100,1,1,1000,901,100,"0,90","513,9345840000"
100,1,1,1000,901,100,"0,99","474,1306240000"
100,1,1,1000,901,500,"0,30","487,0110370000"
100,1,1,1000,901,500,"0,70","487,0110370000"
100,1,1,1000,901,500,"0,90","479,6967520000"
100,1,1,1000,901,500,"0,99","460,1967810000"
100,1,1,1000,901,1000,"0,30","470,6700040000"
100,1,1,1000,901,1000,"0,70","470,6700040000"
100,1,1,1000,901,1000,"0,90","470,6700040000"
100,1,1,1000,901,1000,"0,99","454,4249514000"
100,1,3,1000,1,100,"0,30","414,8123070000"
100,1,3,1000,1,100,"0,70","336,0608960000"
100,1,3,1000,1,100,"0,90","275,7685590000"
100,1,3,1000,1,100,"0,99","209,0777940000"
100,1,3,1000,1,500,"0,30","361,0286820000"
100,1,3,1000,1,500,"0,70","290,8119440000"
100,1,3,1000,1,500,"0,90","234,9016820000"
100,1,3,1000,1,500,"0,99","194,1218272000"
100,1,3,1000,1,1000,"0,30","305,8081180000"
100,1,3,1000,1,1000,"0,70","244,8415870000"
100,1,3,1000,1,1000,"0,90","220,0817196000"
100,1,3,1000,1,1000,"0,99","189,6481152000"
100,1,3,500,1,100,"0,30","395,1164090000"
100,1,3,500,1,100,"0,70","333,2976696000"
100,1,3,500,1,100,"0,90","280,1027300000"
100,1,3,500,1,100,"0,99","220,4732420000"
100,1,3,500,1,500,"0,30","308,2819120000"
100,1,3,500,1,500,"0,70","284,6411530000"
100,1,3,500,1,500,"0,90","220,2176270000"
100,1,3,500,1,500,"0,99","188,0189320000"
100,1,3,500,1,1000,"0,30","255,9436330000"
100,1,3,500,1,1000,"0,70","249,7090520000"
100,1,3,500,1,1000,"0,90","216,1315790000"
100,1,3,500,1,1000,"0,99","185,2322834000"
100,1,3,100,1,100,"0,30","389,0120590000"
100,1,3,100,1,100,"0,70","323,0777840000"
100,1,3,100,1,100,"0,90","274,7448380000"
100,1,3,100,1,100,"0,99","204,7251200000"
100,1,3,100,1,500,"0,30","327,6758980000"
100,1,3,100,1,500,"0,70","293,7202940000"
100,1,3,100,1,500,"0,90","230,0694760000"
100,1,3,100,1,500,"0,99","187,1519638000"
100,1,3,100,1,1000,"0,30","331,5020320000"
100,1,3,100,1,1000,"0,70","240,4873020000"
100,1,3,100,1,1000,"0,90","210,1471790000"
100,1,3,100,1,1000,"0,99","194,5952870000"
100,1,3,1000,501,100,"0,30","474,3219540000"
100,1,3,1000,501,100,"0,70","444,7630250000"
100,1,3,1000,501,100,"0,90","444,7630250000"
100,1,3,1000,501,100,"0,99","441,9457040000"
100,1,3,1000,501,500,"0,30","444,7630250000"
100,1,3,1000,501,500,"0,70","444,7630250000"
100,1,3,1000,501,500,"0,90","445,9605420000"
100,1,3,1000,501,500,"0,99","433,7394670000"
100,1,3,1000,501,1000,"0,30","459,5454190000"
100,1,3,1000,501,1000,"0,70","459,5454190000"
100,1,3,1000,501,1000,"0,90","433,7394670000"
100,1,3,1000,501,1000,"0,99","435,9555180000"
100,1,3,1000,901,100,"0,30","466,3805000000"
100,1,3,1000,901,100,"0,70","466,3805000000"
100,1,3,1000,901,100,"0,90","505,3043110000"
100,1,3,1000,901,100,"0,99","457,6040760000"
100,1,3,1000,901,500,"0,30","457,6040760000"
100,1,3,1000,901,500,"0,70","457,6040760000"
100,1,3,1000,901,500,"0,90","457,6040760000"
100,1,3,1000,901,500,"0,99","448,9070844000"
100,1,3,1000,901,1000,"0,30","463,0964180000"
100,1,3,1000,901,1000,"0,70","463,0964180000"
100,1,3,1000,901,1000,"0,90","463,0964180000"
100,1,3,1000,901,1000,"0,99","455,6101930000"
100,1,5,1000,1,100,"0,30","419,4027510000"
100,1,5,1000,1,100,"0,70","377,0562780000"
100,1,5,1000,1,100,"0,90","276,4870420000"
100,1,5,1000,1,100,"0,99","216,0777704000"
100,1,5,1000,1,500,"0,30","329,3825010000"
100,1,5,1000,1,500,"0,70","262,5164940000"
100,1,5,1000,1,500,"0,90","234,0365990000"
100,1,5,1000,1,500,"0,99","185,1623468000"
100,1,5,1000,1,1000,"0,30","286,3484330000"
100,1,5,1000,1,1000,"0,70","253,3711520000"
100,1,5,1000,1,1000,"0,90","230,6433356000"
100,1,5,1000,1,1000,"0,99","188,8636494000"
100,1,5,500,1,100,"0,30","380,2920148000"
100,1,5,500,1,100,"0,70","341,7695070000"
100,1,5,500,1,100,"0,90","301,9602750000"
100,1,5,500,1,100,"0,99","210,6687982000"
100,1,5,500,1,500,"0,30","326,8615090000"
100,1,5,500,1,500,"0,70","288,2468840000"
100,1,5,500,1,500,"0,90","244,5841950000"
100,1,5,500,1,500,"0,99","196,7343464000"
100,1,5,500,1,1000,"0,30","276,6332640000"
100,1,5,500,1,1000,"0,70","263,9368450000"
100,1,5,500,1,1000,"0,90","226,4284900000"
100,1,5,500,1,1000,"0,99","189,5190738000"
100,1,5,100,1,100,"0,30","420,0288064000"
100,1,5,100,1,100,"0,70","334,5247520000"
100,1,5,100,1,100,"0,90","319,8108310000"
100,1,5,100,1,100,"0,99","233,5220080000"
100,1,5,100,1,500,"0,30","360,2088730000"
100,1,5,100,1,500,"0,70","264,2109320000"
100,1,5,100,1,500,"0,90","238,2478750000"
100,1,5,100,1,500,"0,99","191,5338476000"
100,1,5,100,1,1000,"0,30","342,4531980000"
100,1,5,100,1,1000,"0,70","263,2078600000"
100,1,5,100,1,1000,"0,90","235,6063430000"
100,1,5,100,1,1000,"0,99","188,4646972000"
100,1,5,1000,501,100,"0,30","470,9941250000"
100,1,5,1000,501,100,"0,70","470,9941250000"
100,1,5,1000,501,100,"0,90","466,4969870000"
100,1,5,1000,501,100,"0,99","443,1775520000"
100,1,5,1000,501,500,"0,30","463,4988950000"
100,1,5,1000,501,500,"0,70","463,4988950000"
100,1,5,1000,501,500,"0,90","447,7862830000"
100,1,5,1000,501,500,"0,99","439,7731382000"
100,1,5,1000,501,1000,"0,30","459,4781660000"
100,1,5,1000,501,1000,"0,70","448,2585280000"
100,1,5,1000,501,1000,"0,90","448,2585280000"
100,1,5,1000,501,1000,"0,99","438,0532476000"
100,1,5,1000,901,100,"0,30","472,1629660000"
100,1,5,1000,901,100,"0,70","472,1629660000"
100,1,5,1000,901,100,"0,90","472,1629660000"
100,1,5,1000,901,100,"0,99","449,6625570000"
100,1,5,1000,901,500,"0,30","466,7314120000"
100,1,5,1000,901,500,"0,70","466,7314120000"
100,1,5,1000,901,500,"0,90","466,7314120000"
100,1,5,1000,901,500,"0,99","457,1026300000"
100,1,5,1000,901,1000,"0,30","463,0561568000"
100,1,5,1000,901,1000,"0,70","462,1373430000"
100,1,5,1000,901,1000,"0,90","462,1373430000"
100,1,5,1000,901,1000,"0,99","428,7939110000"
100,1,10,1000,1,100,"0,30","393,7729210000"
100,1,10,1000,1,100,"0,70","346,5098680000"
100,1,10,1000,1,100,"0,90","314,8575560000"
100,1,10,1000,1,100,"0,99","235,9202780000"
100,1,10,1000,1,500,"0,30","363,2393530000"
100,1,10,1000,1,500,"0,70","311,9463160000"
100,1,10,1000,1,500,"0,90","246,6341610000"
100,1,10,1000,1,500,"0,99","202,9275590000"
100,1,10,1000,1,1000,"0,30","330,1991280000"
100,1,10,1000,1,1000,"0,70","295,7141560000"
100,1,10,1000,1,1000,"0,90","244,1695650000"
100,1,10,1000,1,1000,"0,99","192,2015732000"
100,1,10,500,1,100,"0,30","393,9701870000"
100,1,10,500,1,100,"0,70","364,0422080000"
100,1,10,500,1,100,"0,90","324,6139440000"
100,1,10,500,1,100,"0,99","249,4621324000"
100,1,10,500,1,500,"0,30","327,9423730000"
100,1,10,500,1,500,"0,70","304,9670000000"
100,1,10,500,1,500,"0,90","257,7365098000"
100,1,10,500,1,500,"0,99","210,3515898000"
100,1,10,500,1,1000,"0,30","320,9924060000"
100,1,10,500,1,1000,"0,70","294,9951450000"
100,1,10,500,1,1000,"0,90","253,6422054000"
100,1,10,500,1,1000,"0,99","194,1059452000"
100,1,10,100,1,100,"0,30","409,4420380000"
100,1,10,100,1,100,"0,70","369,6310810000"
100,1,10,100,1,100,"0,90","318,9911420000"
100,1,10,100,1,100,"0,99","241,0719098000"
100,1,10,100,1,500,"0,30","358,8955920000"
100,1,10,100,1,500,"0,70","306,4372150000"
100,1,10,100,1,500,"0,90","267,2048874000"
100,1,10,100,1,500,"0,99","213,6243356000"
100,1,10,100,1,1000,"0,30","342,6279010000"
100,1,10,100,1,1000,"0,70","278,3026660000"
100,1,10,100,1,1000,"0,90","228,5991760000"
100,1,10,100,1,1000,"0,99","204,2087514000"
100,1,10,1000,501,100,"0,30","468,0592760000"
100,1,10,1000,501,100,"0,70","468,0592760000"
100,1,10,1000,501,100,"0,90","466,7894190000"
100,1,10,1000,501,100,"0,99","453,4158440000"
100,1,10,1000,501,500,"0,30","471,0378180000"
100,1,10,1000,501,500,"0,70","463,6411570000"
100,1,10,1000,501,500,"0,90","453,4087050000"
100,1,10,1000,501,500,"0,99","441,8329786000"
100,1,10,1000,501,1000,"0,30","447,1149340000"
100,1,10,1000,501,1000,"0,70","447,1149340000"
100,1,10,1000,501,1000,"0,90","447,1149340000"
100,1,10,1000,501,1000,"0,99","435,7992414000"
100,1,10,1000,901,100,"0,30","438,5552680000"
100,1,10,1000,901,100,"0,70","438,5552680000"
100,1,10,1000,901,100,"0,90","472,9191650000"
100,1,10,1000,901,100,"0,99","453,2452350000"
100,1,10,1000,901,500,"0,30","453,2452350000"
100,1,10,1000,901,500,"0,70","453,2452350000"
100,1,10,1000,901,500,"0,90","453,2452350000"
100,1,10,1000,901,500,"0,99","436,9589254000"
100,1,10,1000,901,1000,"0,30","465,0519000000"
100,1,10,1000,901,1000,"0,70","465,0519000000"
100,1,10,1000,901,1000,"0,90","465,0519000000"
100,1,10,1000,901,1000,"0,99","435,7366000000"
